{"cameraMode":{"drawMode":0,"name":"Shaded","section":"Shading Mode"},"sceneLighting":false,"audioPlay":false,"sceneViewState":{"showFog":true,"showMaterialUpdate":false,"showSkybox":true,"showFlares":true,"showImageEffects":true,"showParticleSystems":true},"in2DMode":false,"pivot":{"x":0.025364458560943605,"y":0.05095314979553223,"z":0.05094599723815918},"rotation":{"x":-0.1320076286792755,"y":0.3699883222579956,"z":-0.05320175737142563,"w":-0.9180698394775391},"size":15.516091346740723,"orthographic":false}